{
  "project_info": {
    "project_number": "289510148512",
    "project_id": "internshipprojects-af2f7",
    "storage_bucket": "internshipprojects-af2f7.firebasestorage.app"
  },
  "client": [
    {
      "client_info": {
        "mobilesdk_app_id": "1:289510148512:android:54329b594bdfa92d347cc5",
        "android_client_info": {
          "package_name": "com.example.internship_1"
        }
      },
      "oauth_client": [],
      "api_key": [
        {
          "current_key": "AIzaSyB6EMDfb4ql_Gr112A6MkCBr2RlEOOiLMM"
        }
      ],
      "services": {
        "appinvite_service": {
          "other_platform_oauth_client": []
        }
      }
    }
  ],
  "configuration_version": "1"
}